"ORI7","ID CODE","NUMERIC STATE CODE","GROUP NUMBER","DIVISION","YEAR","CITY SEQUENCE NUMBER","CORE CITY INDICATION","COVERED BY CODE","LAST UPDATE","FIELD OFFICE","NUMBER OF MONTHS REPORTED","AGENCY COUNT","POPULATION 1","COUNTY 1","MSA 1","POPULATION 2","COUNTY 2","MSA 2","POPULATION 3","COUNTY 3","MSA 3","FOLLOW-UP INDICATION","SPECIAL MAILING GROUP","SPECIAL MAILING ADDRESS","AGENCY NAME","STATENAME","MAILING ADDRESS-LINE 1","MAILING ADDRESS-LINE 2","MAILING ADDRESS-LINE 3","MAILING ADDRESS-LINE 4","ZIP CODE","FIPS_ST","COUNTYNAME","FCOUNTY","LG_NAME","FPLACE","AGCYTYPE","SUBTYPE1","SUBTYPE2","notes"
"AL00132",1,1,"7",6,2013,"60928","N","",7222013,3070,10,1,0,37,98,0,NA,NA,0,NA,NA,"Y",9,"Y","TANNEHILL IRONWORKS H SP","ALABAMA","PARK RANGER-TANNEHILL IRONWRKS","HISTORICAL STATE PARK","12632 CONFEDERATE PARKWAY","MCCALLA, AL",35111,1,"Tuscaloosa","125",NA,NA,6,2,22,"part of another agency"
"AL05604",1,1,"7",6,2013,"97025","N","",7222013,3490,0,1,0,56,NA,0,NA,NA,0,NA,NA,"Y",9,"N","SOUTHERN UNION STATE CC","ALABAMA","CHIEF OF POLICE","SOUTHERN UNION STATE COMM COL","PO BOX 1000","WADLEY, AL",36276,1,"Randolph","111","Upper Tyrone township","79344",6,1,12,""
"AR01705",1,3,"7",7,2013,"17127","N","",7222013,3390,11,1,867,17,285,0,NA,NA,0,NA,NA,"Y",9,"N","DYER","ARKANSAS","CHIEF OF POLICE","DYER POLICE DEPARTMENT","PO BOX 149","DYER, AR",72935,5,"Crawford","33","Dyer city","20200",0,NA,NA,""
"CADIT01",1,4,"7",9,2013,"28617","N","",1022014,3790,12,1,0,NA,NA,0,NA,NA,0,NA,NA,"Y",9,"N","HOPLAND TRIBAL","CALIFORNIA","CHIEF OF POLICE","HOPLAND TRIBAL POLICE DEPT","","HOPLAND, CA",95449,NA,NA,NA,NA,NA,NA,NA,NA,"tribal police"
"CADIT04",1,4,"7",9,2013,"60694","N","",1022014,3790,12,1,0,NA,NA,0,NA,NA,0,NA,NA,"Y",9,"N","SYCUAN TRIBAL","CALIFORNIA","CHIEF OF POLICE","SYCUAN TRIBAL POLICE DEPT","5522 SYCUAN RD","EL CAJON, CA",92019,NA,NA,NA,NA,NA,NA,NA,NA,"tribal police"
"CADIT05",1,4,"7",9,2013,"35523","N","",1022014,3780,12,1,0,NA,777,0,NA,NA,0,NA,NA,"Y",9,"N","LOS COYOTES TRIBAL","CALIFORNIA","CHIEF OF POLICE","LOS COYOTES TRIBAL POLICE DEPT","PO BOX 366","RAMONA, CA",92065,NA,NA,NA,NA,NA,NA,NA,NA,"tribal police"
"CADIT09",1,4,"7",9,2013,"14013","N","",1022014,3790,12,1,0,NA,NA,0,NA,NA,0,NA,NA,"Y",9,"N","COYOTE VALLEY TRIBAL","CALIFORNIA","CHIEF OF POLICE","COYOTE VALLEY TRIBAL POLICE D","PO BOX 39","REDWOOD VALLEY, CA",95470,NA,NA,NA,NA,NA,NA,NA,NA,"tribal police"
"CA02117",1,4,"4",9,2013,"10129","N","",1022014,3790,12,1,34105,21,785,0,NA,NA,0,NA,NA,"Y",9,"N","CENTRAL MARIN","CALIFORNIA","CHIEF OF POLICE","CENTRAL MARIN POLICE AUTHORITY","250 DOHERTY DR","LARKSPUR, CA",94939,6,"Marin","41","Corte Madera town","16462",0,NA,NA,""
"CO04180",1,5,"7",8,2013,"786","N","",1142014,3210,12,1,0,41,NA,0,NA,NA,0,NA,NA,"Y",9,"Y","ALL CRIMES ENFORCEMENT T","COLORADO","DIRECTOR","ALL CRIMES ENFORCEMENT TEAM","PO BOX 1327","CRAIG, CO",81625,8,"Moffat","81","Craig city","17760",6,5,59,""
"CO05703",1,5,"7",8,2013,"41562","N","",7222013,3210,12,1,1360,57,NA,0,NA,NA,0,NA,NA,"Y",9,"N","MOUNTAIN VILLAGE","COLORADO","CHIEF OF POLICE","MOUNTAIN VILLAGE POLICE DEPT","411 MOUNTAIN VILLAGE BLVD","MOUNATAIN VILLAGE, CO",81435,8,"San Miguel","113","Mountain Village town","52550",0,NA,NA,""
"FL00316",1,9,"9E",5,2013,"71139","N","",7222013,3330,0,1,0,3,641,0,NA,NA,0,NA,NA,"Y",9,"Y","DOC, OIG: BAY COUNTY","FLORIDA","DEPARTMENT OF CORRECTIONS","OFF OF INSPCTR GNRL: BAY CNTY","2601 BLAIRSTONE RD","TALLAHASSEE, FL",32301,12,"Bay","5",NA,NA,6,1,19,"part of another agency"
"FL00592",1,9,"7",5,2013,"50127","N","",11202013,3880,12,1,0,5,639,0,NA,NA,0,NA,NA,"Y",9,"N","PORT CANAVERAL","FLORIDA","CHIEF OF POLICE","PORT CANAVERAL POLICE DEPT","PO BOX 267","CAPE CANAVERAL, FL",32920,12,"Brevard","9","Cape Canaveral city","10250",6,3,34,"port security"
"FL00644",1,9,"9E",5,2013,"71875","N","",7222013,3460,0,1,0,6,529,0,NA,NA,0,NA,NA,"Y",9,"Y","DOC, OIG: BROWARD COUNTY","FLORIDA","DEPARTMENT OF CORRECTIONS","OFF OF INSPCTR GNRL: BROWARD C","2601 BLAIRSTONE RD","TALLAHASSEE, FL",32301,12,"Broward","11",NA,NA,6,1,19,"part of another agency"
"FL01205",1,9,"8E",5,2013,"73529","N","",7222013,3330,0,1,0,12,NA,0,NA,NA,0,NA,NA,"Y",9,"Y","DOC, OIG: COLUMBIA CNTY","FLORIDA","DEPARTMENT OF CORRECTIONS","OFF OF INSPCTR GNRL: COLUMBIA","2601 BLAIRSTONE RD","TALLAHASSEE, FL",32301,12,"Columbia","23",NA,NA,6,1,19,"part of another agency"
"FL01503",1,9,"8E",5,2013,"74597","N","",7222013,3330,12,1,0,15,NA,0,NA,NA,0,NA,NA,"Y",9,"Y","DOC, OIG: DIXIE COUNTY","FLORIDA","DEPARTMENT OF CORRECTIONS","OFF OF INSPCTR GNRL: DIXIE CTY","2601 BLAIRSTONE RD","TALLAHASSEE, FL",32301,12,"Dixie","29",NA,NA,6,1,19,"part of another agency"
"FL01850",1,9,"9D",5,2013,"75458","N","",7222013,3330,12,1,0,18,214,0,NA,NA,0,NA,NA,"Y",9,"Y","DAB&T: FLAGLER COUNTY","FLORIDA","DIV OF ALCOHOLIC BEVERAGES AND","TOBACCO: FLAGLER COUNTY","1940 N MONROE ST STE 26","TALLAHASSEE, FL",32399,12,"Flagler","35",NA,NA,6,5,51,"state agency"
"FL02008",1,9,"9E",5,2013,"75906","N","",7222013,3330,0,1,0,20,876,0,NA,NA,0,NA,NA,"Y",9,"Y","DOC, OIG: GADSDEN COUNTY","FLORIDA","DEPARTMENT OF CORRECTIONS","OFF OF INSPCTR GNRL: GADSDEN C","2601 BLAIRSTONE RD","TALLAHASSEE, FL",32301,12,"Gadsden","39",NA,NA,6,1,19,"part of another agency"
"FL02303",1,9,"9E",5,2013,"76628","N","",7222013,3330,12,1,0,23,641,0,NA,NA,0,NA,NA,"Y",9,"Y","DOC, OIG: GULF COUNTY","FLORIDA","DEPARTMENT OF CORRECTIONS","OFF OF INSPCTR GNRL: GULF CNTY","2601 BLAIRSTONE RD","TALLAHASSEE, FL",32301,12,"Gulf","45",NA,NA,6,1,19,"part of another agency"
"FL04829",1,9,"9E",5,2013,"81551","N","",7222013,3880,0,1,0,48,634,0,NA,NA,0,NA,NA,"Y",9,"Y","DOC, OIG: ORANGE COUNTY","FLORIDA","DEPARTMENT OF CORRECTIONS","OFF OF INSPCTR GNRL: ORANGE CO","2601 BLAIRSTONE RD","TALLAHASSEE, FL",32301,12,"Orange","95",NA,NA,6,1,19,"part of another agency"
"GA04472",1,10,"4",5,2013,"7203","N","",11082013,3040,12,1,49173,44,50,0,NA,NA,0,NA,NA,"Y",9,"N","BROOKHAVEN","GEORGIA","CHIEF OF POLICE","BROOKHAVEN POLICE DEPARTMENT","200 ASHFORD CNT N STE 150","DUNWOODY, GA",30338,13,"DeKalb","89","Brookhaven city","10944",0,NA,NA,""
"GA06718",1,10,"7",5,2013,"97661","N","",9032013,3040,12,1,0,67,50,0,NA,NA,0,NA,NA,"Y",9,"N","GWINNETT TECHNICAL COL","GEORGIA","CHIEF OF POLICE","GWINNETT TECHNICAL COLLEGE","5150 SUGARLOAF PKWY","LAWRENCEVILLE, GA",30043,13,"Gwinnett; Fulton","135; 121","Lawrenceville city; Alpharetta city","45488; 1696",6,1,12,"college police"
"GA12121",1,10,"7",5,2013,"97605","N","",9182013,3040,12,1,0,121,59,0,NA,NA,0,NA,NA,"Y",9,"N","AUGUSTA TECHNICAL COLLEG","GEORGIA","CHIEF OF POLICE","AUGUSTA TECHNICAL COLLEGE PD","3200 AUGUSTA TECH DR","AUGUSTA, GA",30906,13,"Richmond; McDuffie; Burke; Columbia","245; 189; 33; 73","Augusta-Richmond County consolidated government; Thomson city; Waynesboro city; Grovetown city","4200; 76280; 80984; 35716",6,1,12,"college police"
"IL00607",1,12,"7",3,2013,"64383","N","",7222013,3860,8,1,1378,6,NA,0,NA,NA,0,NA,NA,"Y",9,"N","WALNUT","ILLINOIS","CHIEF OF POLICE","WALNUT POLICE DEPARTMENT","PO BOX 604","WALNUT, IL",61376,17,"Bureau","11","Walnut village","78526",0,NA,NA,""
"IL0163H",1,12,"7",3,2013,"39226","N","",11202013,3150,7,1,0,16,160,0,NA,NA,0,NA,NA,"Y",9,"N","METRO WATER REC DST G CH","ILLINOIS","DIRECTOR - METROPOLITAN WATER","RECLAMATION DIST GREATER CHCGO","6001 W PERSHING RD","CICERO, IL",60804,17,"Cook","31",NA,NA,6,2,27,"water resources law enforcement"
"IL0169W",1,12,"7",3,2013,"97916","N","",7222013,3150,12,1,0,16,160,0,NA,NA,0,NA,NA,"Y",9,"N","UNIV OF CHICAGO: COOK C","ILLINOIS","CHIEF OF POLICE","UNIV OF CHICAGO: COOK COUNTY","6054 S DREXEL AVE","CHICAGO, IL",60637,17,"Cook","31",NA,NA,6,1,11,"university police"
"IL03406",1,12,"7",3,2013,"32378","N","",7222013,3860,12,1,1218,34,NA,0,NA,NA,0,NA,NA,"Y",9,"N","LA HARPE","ILLINOIS","CHIEF OF POLICE","LA HARPE POLICE DEPARTMENT","PO BOX 160","LA HARPE, IL",61450,17,"Hancock","67","La Harpe city","40832",0,NA,NA,""
"IL03804",1,12,"7",3,2013,"46143","N","",12182013,3860,12,1,1329,38,NA,0,NA,NA,0,NA,NA,"Y",9,"N","ONARGA","ILLINOIS","CHIEF OF POLICE","ONARGA POLICE DEPARTMENT","13 W SEMINARY AVE","ONARGA, IL",60955,17,"Iroquis","75","Onarga village","56081",0,NA,NA,""
"IL04103",1,12,"7",3,2013,"97868","N","",1132014,3860,12,1,0,41,NA,0,NA,NA,0,NA,NA,"Y",9,"N","REND LAKE COLLEGE","ILLINOIS","CHIEF OF POLICE","REND LAKE COLLEGE","468 N KEN GRAY PARKWAY","INA, IL",62846,17,"Jefferson","81","Ina village","37179",6,1,12,""
"IL04943",1,12,"7",3,2013,"53690","N","",11202013,3150,12,1,0,50,163,0,NA,NA,0,NA,NA,"Y",9,"N","ROUND LAKE PARK DISTRICT","ILLINOIS","CHIEF OF POLICE","ROUND LAKE PARK DISTRICT","814 HART RD","ROUND LAKE, IL",60073,17,"Lake","97","Round Lake Park village","66066",0,NA,NA,"park rangers"
"IL06109",1,12,"7",3,2013,"47817","N","",7262013,3860,12,1,571,61,NA,0,NA,NA,0,NA,NA,"Y",9,"N","PATOKA","ILLINOIS","CHIEF OF POLICE","PATOKA POLICE DEPARTMENT","301 S OAK ST","PATOKA, IL",62875,17,"Marion","121","Patoka village","58057",0,NA,NA,""
"IL07704",1,12,"7",3,2013,"62659","N","",7222013,3860,0,1,446,77,NA,0,NA,NA,0,NA,NA,"Y",9,"N","ULLIN","ILLINOIS","CHIEF OF POLICE","ULLIN POLICE DEPARTMENT","PO BOX 187","ULLIN, IL",62992,17,"Pulaski","153","Ullin village","76615",0,NA,NA,""
"IL08601",1,12,"7",3,2013,"5799","N","",11202013,3860,12,1,701,86,NA,0,NA,NA,0,NA,NA,"Y",9,"N","BLUFFS","ILLINOIS","CHIEF OF POLICE","BLUFFS POLICE DEPARTMENT","PO BOX 260","BLUFFS, IL",62621,17,"Scott","171","Bluffs village","6899",0,NA,NA,""
"IA05401",1,14,"7",4,2013,"57147","N","",7222013,3600,12,1,2043,54,NA,0,NA,NA,0,NA,NA,"Y",9,"N","SIGOURNEY","IOWA","CHIEF OF POLICE","SIGOURNEY POLICE DEPARTMENT","100 N MAIN ST","SIGOURNEY, IA",52591,19,"Keokuk","107","Sigourney city","73110",0,NA,NA,""
"IA08211",1,14,"7",4,2013,"35341","N","",7222013,3600,8,1,825,82,202,0,NA,NA,0,NA,NA,"Y",9,"N","LONG GROVE","IOWA","CHIEF OF POLICE","LONG GROVE POLICE DEPARTMENT","104 N 1ST ST","LONG GROVE, IA",52756,19,"Scott","163","Long Grove city","46425",0,NA,NA,""
"KS01105",1,15,"7",4,2013,"55657","N","",12032013,3350,10,1,470,11,NA,0,NA,NA,0,NA,NA,"Y",9,"N","SCAMMON","KANSAS","CHIEF OF POLICE","SCAMMON POLICE DEPARTMENT","CITY HALL","SCAMMON, KS",66773,20,"Cherokee","21","Scammon city","63325",0,NA,NA,""
"KY08907",1,16,"8D",6,2013,"80837","N","",7222013,3420,12,1,0,89,NA,0,NA,NA,0,NA,NA,"Y",9,"N","MUHLENBERG COUNTY PD","KENTUCKY","CHIEF OF POLICE","MUHLENBERG COUNTY POLICE DEPT","PO BOX 137","GREENVILLE, KY",42345,21,"Muhlenberg","177",NA,NA,0,NA,NA,""
"LA02503",1,17,"7",7,2013,"44553","N","",9182013,3530,12,1,387,25,NA,0,NA,NA,0,NA,NA,"Y",9,"N","NORTH HODGE","LOUISIANA","CHIEF OF POLICE","NORTH HODGE POLICE DEPARTMENT","PO BOX 520","HODGE, LA",71247,22,"Jackson","49","North Hodge village","55910",0,NA,NA,""
"LA02820",1,17,"7",7,2013,"98157","N","",11082013,3530,9,1,0,28,416,0,NA,NA,0,NA,NA,"Y",9,"N","SOUTH LA COMMUNITY COLLE","LOUISIANA","CHIEF OF POLICE","SOUTH LOUISIANA COMMUNITY COLL","320 DEVAL COURT","LAFAYETTE, LA",70506,22,"Lafayette","55","Lafayette city","40735",6,1,12,""
"LA03302",1,17,"7",7,2013,"15716","N","",12112013,3530,12,1,285,33,NA,0,NA,NA,0,NA,NA,"Y",9,"N","DELTA","LOUISIANA","CHIEF OF POLICE","DELTA POLICE DEPARTMENT","PO BOX 29","DELTA, LA",71233,22,"Madison","65","Delta village","20330",0,NA,NA,""
"LA03621",1,17,"7",7,2013,"98106","N","",10222013,3530,12,1,0,36,598,0,NA,NA,0,NA,NA,"Y",9,"N","DILLARD UNIVERSITY","LOUISIANA","CHIEF OF POLICE","DILLARD UNIVERSITY","2601 GENTILLY BLVD","NEW ORLEANS, LA",70122,22,"Orleans","71","New Orleans city","55000",6,1,11,""
"LA04601",1,17,"7",7,2013,"24849","N","",12182013,3530,1,1,711,46,78,0,NA,NA,0,NA,NA,"Y",9,"N","GREENSBURG","LOUISIANA","CHIEF OF POLICE","GREENSBURG POLICE DEPARTMENT","PO BOX 160","GREENSBURG, LA",70441,22,"St Helena","91","Greensburg town","31565",0,NA,NA,""
"LA04602",1,17,"7",7,2013,"40911","N","",12032013,3530,12,1,261,46,78,0,NA,NA,0,NA,NA,"Y",9,"N","MONTPELIER","LOUISIANA","CHIEF OF POLICE","MONTPELIER POLICE DEPARTMENT","36400 HWY 16","MONTPELIER, LA",70422,22,"St Helena","91","Montpelier village","51690",0,NA,NA,""
"LA05306",1,17,"7",7,2013,"53477","N","",12032013,3530,12,1,1158,53,340,0,NA,NA,0,NA,NA,"Y",9,"N","ROSELAND","LOUISIANA","CHIEF OF POLICE","ROSELAND POLICE DEPARTMENT","PO BOX 188","ROSELAND, LA",70456,22,"Tangipahoa","105","Roseland town","66165",0,NA,NA,""
"LA05307",1,17,"7",7,2013,"60933","N","",7222013,3530,3,1,776,53,340,0,NA,NA,0,NA,NA,"Y",9,"N","TANGIPAHOA","LOUISIANA","CHIEF OF POLICE","TANGIPAHOA POLICE DEPARTMENT","PO BOX 156","TANGIPAHOA, LA",70465,22,"Tangipahoa","105","Tangipahoa village","74760",0,NA,NA,""
"MI25426",1,21,"6",3,2013,"22485","N","",12032013,3220,12,1,6312,25,276,0,NA,NA,0,NA,NA,"Y",9,"N","GAINES TOWNSHIP","MICHIGAN","CHIEF OF POLICE","GAINES TOWNSHIP POLICE DEPT","9255 W GRAND BLANC RD","GAINES, MI",48436,26,"Genesee","49","Gaines township","31220",0,NA,NA,""
"MNDI023",1,22,"7",4,2013,"63109","N","",7262013,3480,12,1,0,NA,NA,0,NA,NA,0,NA,NA,"Y",9,"N","UPPER SIOUX COMMUNITY","MINNESOTA","CHIEF OF POLICE","UPPER SIOUX COMMUNITY PD","PO BOX 147","GRANITE FALLS, MN",56241,NA,NA,NA,NA,NA,NA,NA,NA,"tribal police"
"MN00710",1,22,"7",4,2013,"36525","N","",7262013,3480,12,1,1059,7,511,0,NA,NA,0,NA,NA,"Y",9,"N","MADISON LAKE","MINNESOTA","CHIEF OF POLICE","MADISON LAKE POLICE DEPT","PO BOX 38","MADISON LAKE, MN",56063,27,"Blue Earth","13","Madison Lake city","39320",0,NA,NA,""
"MN03003",1,22,"6",4,2013,"29919","N","",7262013,3480,12,1,5417,30,542,0,NA,NA,0,NA,NA,"Y",9,"N","ISANTI","MINNESOTA","CHIEF OF POLICE","ISANTI POLICE DEPARTMENT","PO BOX 428","ISANTI, MN",55040,27,"Isanti","59","Isanti city","31328",0,NA,NA,""
"MN05602",1,22,"7",4,2013,"48142","N","MN05600",7262013,3480,10,0,2450,56,NA,0,NA,NA,0,NA,NA,"N",9,"N","PELICAN RAPIDS","MINNESOTA","CHIEF OF POLICE","PELICAN RAPIDS POLICE DEPT","PO BOX 350","PELICAN RAPIDS, MN",56572,27,"Otter Tail","111","Pelican Rapids city","50164",0,NA,NA,""
"MN08703",1,22,"7",4,2013,"11481","N","MN08700",7262013,3480,10,0,831,87,NA,0,NA,NA,0,NA,NA,"N",7,"N","CLARKFIELD","MINNESOTA","CHIEF OF POLICE","CLARKFIELD POLICE DEPARTMENT","1029 10TH AVE","CLARKFIELD, MN",56223,27,"Yellow Medicine","173","Clarkfield city","11656",0,NA,NA,""
"MN08704",1,22,"7",4,2013,"17997","N","",7262013,3480,12,1,269,87,NA,0,NA,NA,0,NA,NA,"Y",9,"N","ECHO","MINNESOTA","CHIEF OF POLICE","TN00106","PO BOX 275","ECHO, MN",56237,27,"Yellow Medicine","173","Echo city","17900",0,NA,NA,""
"MS03009",1,23,"7",6,2013,"57309","N","",7222013,3320,12,1,0,30,336,0,NA,NA,0,NA,NA,"Y",9,"N","SINGING RIVER HEALTH SYS","MISSISSIPPI","CHIEF OF POLICE","SINGING RIVER HEALTH SYSTEM","2809 DENNY AVE","PASCAGOULA, MS",39581,28,"Jackson","59","Pascagoula city","55360",6,1,15,""
"NJ01150",1,29,"7",2,2013,"98571","N","",9032013,3510,12,1,0,11,901,0,NA,NA,0,NA,NA,"Y",9,"N","PRINCETON UNIVERSITY","NEW JERSEY","CHIEF OF POLICE","PRINCETON UNIVERSITY PD","200 ELM DR","PRINCETON, NJ",8544,34,"Mercer","21","Princeton","60900",6,1,11,""
"NM00304",1,30,"7",8,2013,"98594","N","",7222013,3020,12,1,0,3,NA,0,NA,NA,0,NA,NA,"Y",9,"N","NM MILITARY INSTITUTE","NEW MEXICO","CHIEF OF POLICE","NEW MEXICO MILITARY INSTITUTE","101 W COLLEGE BLVD","ROSWELL, NM",88201,35,"Chaves","5","Roswell city","64930",6,1,11,""
"NM02307",1,30,"7",8,2013,"55420","N","",7222013,3020,12,1,195,22,23,0,NA,NA,0,NA,NA,"Y",9,"N","SAN YSIDRO","NEW MEXICO","CHIEF OF POLICE","SAN YSIDRO POLICE DEPARTMENT","PO BOX 175","SAN YSIDRO, NM",87053,35,"Sandoval","43","San Ysidro village","71020",0,NA,NA,""
"ND05106",1,33,"7",4,2013,"4869","N","",1082014,3480,12,1,484,51,NA,0,NA,NA,0,NA,NA,"Y",9,"N","BERTHOLD","NORTH DAKOTA","CHIEF OF POLICE","BERTHOLD POLICE DEPARTMENT","223 MAIN ST","BERTHOLD, ND",58718,38,"Ward","101","Berthold city","6460",0,NA,NA,""
"ND05301",1,33,"7",4,2013,"61662","N","",9052013,3480,12,1,1247,53,NA,0,NA,NA,0,NA,NA,"Y",9,"N","TIOGA","NORTH DAKOTA","CHIEF OF POLICE","TIOGA POLICE DEPARTMENT","PO BOX 218","TIOGA, ND",58852,38,"Williams","105","Tioga city","78940",0,NA,NA,""
"OH02513",1,34,"7",3,2013,"6729","N","",8072013,3160,12,1,117,25,188,0,NA,NA,0,NA,NA,"Y",9,"N","BRICE","OHIO","CHIEF OF POLICE","BRICE POLICE DEPARTMENT","PO BOX 65","BRICE, OH",43105,39,"Franklin","49","Brice village","8532",0,NA,NA,""
"OH02523",1,34,"6",3,2013,"45531","N","",1022014,3160,12,1,4657,25,188,0,NA,NA,0,NA,NA,"Y",9,"N","OBETZ","OHIO","CHIEF OF POLICE","OBETZ POLICE DEPARTMENT","4175 ALUM CREEK DR","OBETZ, OH",43207,39,"Franklin","49","Obetz village","57862",0,NA,NA,""
"OH02532",1,34,"6",3,2013,"21981","N","",1022014,3160,12,1,9639,25,188,0,NA,NA,0,NA,NA,"Y",9,"N","FRANKLIN TOWNSHIP","OHIO","CHIEF OF POLICE","FRANKLIN TOWNSHIP POLICE DEPT","2193 FRANK RD","COLUMBUS, OH",43223,39,"Franklin","49","Franklin township","28280",0,NA,NA,""
"OH04003",1,34,"7",3,2013,"12285","N","",1132014,3160,12,1,469,40,NA,0,NA,NA,0,NA,NA,"Y",9,"N","COALTON","OHIO","CHIEF OF POLICE","COALTON POLICE DEPARTMENT","PO BOX 98","COALTON, OH",45621,39,"Jackson","79","Coalton village","16434",0,NA,NA,""
"OH04512",1,34,"7",3,2013,"59713","N","",7222013,3160,5,1,374,45,188,0,NA,NA,0,NA,NA,"Y",9,"N","ST. LOUISVILLE","OHIO","CHIEF OF POLICE","ST. LOUISVILLE POLICE DEPT","PO BOX 149","ST. LOUSIVILLE, OH",43071,39,"Licking","89","St. Louisville village","69652",0,NA,NA,""
"OH04710",1,34,"6",3,2013,"24076","N","",7252013,3170,12,1,5716,47,170,0,NA,NA,0,NA,NA,"Y",9,"N","GRAFTON","OHIO","CHIEF OF POLICE","GRAFTON POLICE DEPARTMENT","1009 CHESTNUT ST","GRAFTON, OH",44044,39,"Lorain","93","Grafton village","31150",0,NA,NA,""
"OH04812",1,34,"6",3,2013,"67251","N","",8072013,3170,12,1,4325,48,892,0,NA,NA,0,NA,NA,"Y",9,"N","WHITEHOUSE","OHIO","CHIEF OF POLICE","WHITEHOUSE POLICE DEPARTMENT","PO BOX 2476","WHITEHOUSE, OH",43571,39,"Lucas","95","Whitehouse village","84770",0,NA,NA,""
"OH04819",1,34,"7",3,2013,"61757","N","",2112014,3170,12,1,0,48,892,0,NA,NA,0,NA,NA,"Y",9,"Y","TOLEDO FIRE DPT FIRE I U","OHIO","TOLEDO FIRE DEPARTMENT","FIRE INVESTIGATION UNIT","545 N HURON ST","TOLEDO, OH",43604,39,"Lucas","95","Toledo city","77000",6,4,43,""
"OH05216",1,34,"9D",3,2013,"80135","N","",11082013,3170,12,1,0,52,170,0,NA,NA,0,NA,NA,"Y",9,"N","MEDINA COUNTY PARK DIST","OHIO","CHIEF OF POLICE","MEDINA COUNTY PARK DISTRICT","6364 DEER VIEW LANE","MEDINA, OH",44256,39,"Medina","103",NA,NA,6,2,22,""
"OH06214",1,34,"7",3,2013,"9453","N","",7222013,3170,12,1,2130,62,NA,0,NA,NA,0,NA,NA,"Y",9,"N","CARROLL TOWNSHIP","OHIO","CHIEF OF POLICE","CARROLL TOWNSHIP POLICE DEPT","3490 N STATE RTE 19","OAK HARBOR, OH",43449,39,"Ottawa","123","Carroll Township","12266",0,NA,NA,""
"OH06904",1,34,"7",3,2013,"12958","N","",7222013,3170,10,1,2086,69,NA,0,NA,NA,0,NA,NA,"Y",9,"N","COLUMBUS GROVE","OHIO","CHIEF OF POLICE","COLUMBUS GROVE POLICE DEPT","113 E SYCAMORE","COLUMBUS GROVE, OH",45830,39,"Putnam","137","Columbus Grove village","18014",0,NA,NA,""
"OH06914",1,34,"7",3,2013,"47379","N","",7222013,3170,3,1,1143,69,NA,0,NA,NA,0,NA,NA,"Y",9,"N","PANDORA","OHIO","CHIEF OF POLICE","PANDORA POLICE DEPARTMENT","PO BOX 193","PANDORA, OH",45877,39,"Putnam","137","Pandora village","59738",0,NA,NA,""
"OH07632",1,34,"7",3,2013,"51897","N","",7222013,3170,0,1,0,76,128,0,NA,NA,0,NA,NA,"Y",9,"N","REPUBLIC N&T RAILROAD","OHIO","CHIEF OF POLICE","REPUBLIC N&T RAILROAD","2633 8TH ST NE","CANTON, OH",44704,39,"Stark","151","Canton city","12000",6,3,31,""
"OH07914",1,34,"7",3,2013,"50403","N","",12032013,3170,12,1,570,79,NA,0,NA,NA,0,NA,NA,"Y",9,"N","PORT WASHINGTON","OHIO","CHIEF OF POLICE","PORT WASHINGTON POLICE DEPT","PO BOX 277","PORT WASHINGTON, OH",43837,39,"Tuscarawas","157","Port Washington village","64346",0,NA,NA,""
"OH07919",1,34,"7",3,2013,"62485","N","",1022014,3170,12,1,1047,79,NA,0,NA,NA,0,NA,NA,"Y",9,"N","TUSCARAWAS","OHIO","CHIEF OF POLICE","TUSCARAWAS POLICE DEPARTMENT","PO BOX 388","TUSCARAWAS, OH",44682,39,"Tuscarawas","157","Tuscarawas village","77924",0,NA,NA,""
"OH08504",1,34,"7",3,2013,"1653","N","",7232013,3170,7,1,1173,85,NA,0,NA,NA,0,NA,NA,"Y",9,"N","APPLE CREEK","OHIO","CHIEF OF POLICE","APPLE CREEK POLICE DEPARTMENT","PO BOX 208","APPLE CREEK, OH",44606,39,"Wayne","169","Apple Creek village","2232",0,NA,NA,""
"OK01411",1,35,"7",7,2013,"98974","N","",7222013,3580,12,1,0,14,630,0,NA,NA,0,NA,NA,"Y",9,"N","MID-AMERICA CHRISTIAN UN","OKLAHOMA","CHIEF OF POLICE","MID-AMERICA CHRISTIAN UNIV","3500 SW 119TH ST","OKLAHOMA CITY, OK",73170,40,"Oklahoma","109","Oklahoma City city","55000",6,2,11,""
"OK01604",1,35,"6",7,2013,"18448","N","",7222013,3580,12,1,2617,16,446,0,NA,NA,0,NA,NA,"N",9,"N","ELGIN","OKLAHOMA","CHIEF OF POLICE","ELGIN POLICE DEPARTMENT","8183 STATE HWY 17","ELGIN, OK",73538,40,"Comanche","31","Elgin city","23450",0,NA,NA,""
"OK01905",1,35,"7",7,2013,"15869","N","",7222013,3580,12,1,480,19,910,0,NA,NA,0,NA,NA,"Y",9,"N","DEPEW","OKLAHOMA","CHIEF OF POLICE","DEPEW POLICE DEPARTMENT","PO BOX 357","DEPEW, OK",74028,40,"Creek","37","Depew town","20300",0,NA,NA,""
"OK03703",1,35,"7",7,2013,"9607","N","",7222013,3580,12,1,598,37,NA,214,42,630,0,NA,NA,"Y",9,"N","CASHION","OKLAHOMA","CHIEF OF POLICE","CASHION POLICE DEPARTMENT","PO BOX 27","CASHION, OK",73016,40,"Kingfisher","73","Cashion town","12650",0,NA,NA,""
"ORDI013",1,36,"7",9,2013,"13387","N","",1022014,3670,12,1,0,NA,NA,0,NA,NA,0,NA,NA,"Y",9,"N","COOS L UMPQUA & SIUSLAW","OREGON","CHIEF OF POLICE","COOS, LOWER UMPQUA & SIUSLAW T","5647 HWY 126 STE 100","FLORENCE, OR",97439,NA,NA,NA,NA,NA,NA,NA,NA,"tribal police"
"ORDI014",1,36,"7",9,2013,"24240","N","",12102013,3670,12,1,0,NA,NA,0,NA,NA,0,NA,NA,"Y",9,"N","GRAND RONDE TRIBAL","OREGON","CHIEF OF POLICE","GRAND RONDE TRIBAL POLICE DEPT","9615 GRAND RONDE RD","GRAND RONDE, OR",97347,NA,NA,NA,NA,NA,NA,NA,NA,"tribal police"
"OR00313",1,36,"9D",9,2013,"73063","N","",1142014,3670,11,1,0,3,685,0,NA,NA,0,NA,NA,"Y",9,"N","LIQUOR COMM: CLACKAMAS C","OREGON","COMMISSIONER","LIQUOR COMM: CLACKAMAS COUNTY","PO BOX 22297","MILWAUKIE, OR",97269,41,"Clackamas","5",NA,NA,6,5,51,""
"OR00906",1,36,"9D",9,2013,"74490","N","",1142014,3670,7,1,0,9,90,0,NA,NA,0,NA,NA,"Y",9,"N","LIQUOR COMM: DESCHUTES C","OREGON","COMMISSIONER","LIQUOR COMM: DESCHUTES COUNTY","20360 EMPIRE AVE STE B3","BEND, OR",97701,41,"Deschutes","17",NA,NA,6,5,51,""
"PA00113",1,37,"6",2,2013,"51589","N","",1132014,3620,12,1,5794,1,310,0,NA,NA,0,NA,NA,"Y",9,"N","READING TOWNSHIP","PENNSYLVANIA","CHIEF OF POLICE","READING TOWNSHIP POLICE DEPT","50 CHURCH RD","EAST BERLIN, PA",17316,42,"Adams","1","Reading township","63616",0,NA,NA,""
"PA00116",1,37,"7",2,2013,"5955","N","",10312013,3620,12,1,1805,1,310,0,NA,NA,0,NA,NA,"Y",9,"N","BONNEAUVILLE","PENNSYLVANIA","CHIEF OF POLICE","BONNEAUVILLE POLICE DEPARTMENT","46 E HANOVER ST","GETTYSBURG, PA",17325,42,"Adams","1","Bonneauville borough","7560",0,NA,NA,""
"PA00328",1,37,"7",2,2013,"18357","N","",11202013,3650,12,1,356,3,667,0,NA,NA,0,NA,NA,"Y",9,"N","ELDERTON","PENNSYLVANIA","CHIEF OF POLICE","ELDERTON POLICE DEPARTMENT","211 LYTLE ST","ELDERTON, PA",15736,42,"Adams","1","Elderton borough","22832",0,NA,NA,""
"PA00456",1,37,"7",2,2013,"51171","N","",10312013,3650,12,1,0,4,667,0,NA,NA,0,NA,NA,"Y",9,"N","SPR: RACCOON","PENNSYLVANIA","STATE PARK RANGERS","RACCOON STATE PARK","3000 STATE RT 18","HOOKSTOWN, PA",15050,42,"Beaver","7",NA,NA,6,2,22,""
"PA00665",1,37,"7",2,2013,"22213","N","",11202013,3620,12,1,0,6,713,0,NA,NA,0,NA,NA,"Y",9,"N","SPR: FRENCH CREEK","PENNSYLVANIA","STATE PARK RANGERS","FRENCH CREEK STATE PARK","843 PARK RD","ELVERSON, PA",19520,42,"Berks; Chester","11; 29",NA,NA,6,2,22,""
"PA00930",1,37,"7",2,2013,"42711","N","",9052013,3620,12,1,0,9,656,0,NA,NA,0,NA,NA,"Y",9,"Y","SPR: NESHAMINY","PENNSYLVANIA","STATE PARK RANGERS","NESHAMINY STATE PARK","3401 STATE RD","BENSALEM, PA",19020,42,"Bucks","17",NA,NA,6,2,22,""
"PA00933",1,37,"7",2,2013,"15579","N","",9052013,3620,12,1,0,9,656,0,NA,NA,0,NA,NA,"Y",9,"Y","SPR: DELAWARE CANAL","PENNSYLVANIA","STATE PARK RANGERS","DELAWARE CANAL STATE PARK","11 LODI HILL RD","UPPER BLACK EDDY, PA",18972,42,"Bucks; Northampton","17; 95",NA,NA,6,2,22,""
"PA00949",1,37,"7",2,2013,"62601","N","",9052013,3620,12,1,0,9,656,0,NA,NA,0,NA,NA,"Y",9,"Y","SPR: TYLER","PENNSYLVANIA","STATE PARK RANGERS","TYLER STATE PARK","101 SWAMP RD","NEWTOWN, PA",18940,42,"Bucks","17",NA,NA,6,2,22,""
"PA01023",1,37,"7",2,2013,"8439","N","",10312013,3650,12,1,389,10,667,0,NA,NA,0,NA,NA,"Y",9,"N","CALLERY","PENNSYLVANIA","CHIEF OF POLICE","CALLERY POLICE DEPARTMENT","199 RAILROAD ST DRAWER G","CALLERY, PA",16024,42,"Butler","19","Callery borough","10800",0,NA,NA,""
"PA01028",1,37,"7",2,2013,"50167","N","",11202013,3650,12,1,236,10,667,0,NA,NA,0,NA,NA,"Y",9,"N","PORTERSVILLE","PENNSYLVANIA","CHIEF OF POLICE","PORTERSVILLE POLICE DEPARTMENT","728 E PORTERSVILLE RD","PORTERSVILLE, PA",16051,42,"Butler","19","Portersville borough","62224",0,NA,NA,""
"PA01030",1,37,"7",2,2013,"50871","N","",11202013,3650,12,1,1161,10,667,0,NA,NA,0,NA,NA,"Y",9,"N","PROSPECT","PENNSYLVANIA","CHIEF OF POLICE","PROSPECT POLICE DEPARTMENT","159 MONROE ST","PROSPECT, PA",16052,42,"Butler","19","Prospect borough","62752",0,NA,NA,""
"PA01320",1,37,"7",2,2013,"4437","N","",9052013,3620,12,1,0,13,27,0,NA,NA,0,NA,NA,"Y",9,"Y","SPR: BELTZVILLE","PENNSYLVANIA","STATE PARK RANGERS","BELTZVILLE STATE PARK","2950 POHOPOCO DR","LEHIGHTON, PA",18235,42,"Carbon","25",NA,NA,6,2,22,""
"PA01321",1,37,"7",2,2013,"27517","N","",12112013,3620,12,1,0,13,27,0,NA,NA,0,NA,NA,"Y",9,"N","SPR: HICKORY RUN","PENNSYLVANIA","STATE PARK RANGERS","HICKORY RUN STATE PARK","RR 1 BOX 81","WHITE HAVEN, PA",18661,42,"Carbon","25",NA,NA,6,2,22,""
"PA01417",1,37,"7",2,2013,"5385","N","",7262013,3620,12,1,0,14,856,0,NA,NA,0,NA,NA,"Y",9,"Y","SPR: BLACK MOSHANNON","PENNSYLVANIA","STATE PARK RANGERS","BLACK MOSHANNON STATE PARK","500 CASANOVA RD","PHILIPSBURG, PA",16866,42,"Centre","27",NA,NA,6,2,22,""
"PA01559",1,37,"7",2,2013,"67173","N","",9052013,3620,12,1,0,15,656,0,NA,NA,0,NA,NA,"Y",9,"Y","SPR: WHITE CLAY","PENNSYLVANIA","STATE PARK RANGERS","WHITE CLAY STATE PARK","PO BOX 172","LANDENBERG, PA",19350,42,"Chester","29",NA,NA,6,2,22,""
"PA01560",1,37,"7",2,2013,"37755","N","",11202013,3620,12,1,0,15,656,0,NA,NA,0,NA,NA,"Y",9,"N","SPR: MARSH CREEK","PENNSYLVANIA","STATE PARK RANGERS","MARSH CREEK STATE PARK","675 PARK RD","CHESTER, PA",19335,42,"Chester","29",NA,NA,6,2,22,""
"PA02123",1,37,"7",2,2013,"12736","N","",8192013,3620,12,1,0,21,345,0,NA,NA,0,NA,NA,"Y",9,"Y","SPR: COLONEL DENNING","PENNSYLVANIA","STATE PARK RANGERS","COLONEL DENNING STATE PARK","1599 DOUBLING GAP RD","NEWVILLE, PA",17241,42,"Cumberland","41",NA,NA,6,2,22,""
"PA02135",1,37,"7",2,2013,"31695","N","",1132014,3620,12,1,0,21,345,0,NA,NA,0,NA,NA,"Y",9,"Y","SPR: KINGS GAP ENV ED C","PENNSYLVANIA","STATE PARK RANGERS","KINGS GAP ENV EDUC CENTER","500 KINGS GAP RD","CARLISLE, PA",17013,42,"Cumberland","41",NA,NA,6,2,22,""
"PA02353",1,37,"7",2,2013,"52383","N","",9052013,3620,12,1,0,23,660,0,NA,NA,0,NA,NA,"Y",9,"Y","SPR: RIDLEY CREEK","PENNSYLVANIA","STATE PARK RANGERS","RIDLEY CREEK STATE PARK","1023 SYCAMORE MILLS RD","MEDIA, PA",19063,42,"Delaware","45",NA,NA,6,2,22,""
"PA02811",1,37,"7",2,2013,"8332","N","",8192013,3620,12,1,0,28,137,0,NA,NA,0,NA,NA,"Y",9,"Y","SPR: CALEDONIA","PENNSYLVANIA","STATE PARK RANGERS","CALEDONIA STATE PARK","101 PINE GROVE RD","RAYETTEVILLE, PA",17222,42,"Franklin; Adams","55; 1",NA,NA,6,2,22,""
"PA03010",1,37,"6",2,2013,"58617","N","",7252013,3650,12,1,2640,30,NA,0,NA,NA,0,NA,NA,"Y",9,"N","SW REGNL (GREENE COUNTY)","PENNSYLVANIA","CHIEF OF POLICE","SOUTHWEST REG (GREENE COUNTY)","799 BIG SHANNON RUN RD","MT MORRIS, PA",15341,42,"Greene","59","Perry township; Wayne township","59472; 81768",0,NA,NA,""
"PA03110",1,37,"7",2,2013,"25029","N","",8192013,3620,12,1,0,31,NA,0,NA,NA,0,NA,NA,"Y",9,"Y","SPR: GREENWOOD FURNACE","PENNSYLVANIA","STATE PARK RANGERS","GREENWOOD FURNACE STATE PARK","15795 GREENWOOD RD","HUNTINGDON, PA",16652,42,"Huntingdon","61",NA,NA,6,2,22,""
"PA03521",1,37,"7",2,2013,"32139","N","",7262013,3620,12,1,0,35,801,0,NA,NA,0,NA,NA,"Y",9,"Y","SPR: LACKAWANNA","PENNSYLVANIA","STATE PARK RANGERS","LACKAWANNA STATE PARK","RR BOX 230","DALTON, PA",18414,42,"Lackawanna","69",NA,NA,6,2,22,""
"PA03536",1,37,"6",2,2013,"30441","N","",12112013,3620,12,1,3775,35,801,0,NA,NA,0,NA,NA,"Y",9,"N","JEFFERSON TOWNSHIP","PENNSYLVANIA","CHIEF OF POLICE","JEFFERSON TWP (LACKAWANNA C)","731 CLIFF DR","LAKE ARIEL, PA",18436,42,"Lackawanna","69","Jefferson township","37896",0,NA,NA,""
"PA03710",1,37,"6",2,2013,"65523","N","",11202013,3650,12,1,2571,37,NA,0,NA,NA,0,NA,NA,"Y",9,"N","WAYNE TOWNSHIP","PENNSYLVANIA","CHIEF OF POLICE","WAYNE TOWNSHIP POLICE DEPT","1418 WAMPUM RD","ELLWOOD CITY, PA",16117,42,"Lawrence","73","Wayne township","81776",0,NA,NA,""
"PA03815",1,37,"7",2,2013,"44173","N","",11202013,3620,12,1,2423,38,448,0,NA,NA,0,NA,NA,"Y",9,"N","NORTH ANNVILLE TOWNSHIP","PENNSYLVANIA","CHIEF OF POLICE","NORTH ANNVILLE TOWNSHIP PD","PO BOX 181","ANNVILLE, PA",17003,42,"Lebanon","75","North Annville township","54720",0,NA,NA,""
"PA03927",1,37,"5",2,2013,"63021","N","",7252013,3620,12,1,21972,39,27,0,NA,NA,0,NA,NA,"Y",9,"N","UPPER MACUNGINE TOWNSHIP","PENNSYLVANIA","CHIEF OF POLICE","UPPER MACUNGINE TOWNSHIP PD","8330 SCHANTZ RD","BREINIGSVILLE, PA",18031,42,"Lehigh","77","Upper Macungie township","79104",0,NA,NA,""
"PA04030",1,37,"7",2,2013,"52269","N","",1132014,3620,12,1,0,40,801,0,NA,NA,0,NA,NA,"Y",9,"Y","SPR: RICKETTS GLEN","PENNSYLVANIA","STATE PARK RANGERS","RICKETTS GLEN STATE PARK","695 STATE ROUTE 487","BENTON, PA",17814,42,"Columbia; Luzerne; Sullivan","37; 79; 113",NA,NA,6,2,22,""
"PA04075",1,37,"7",2,2013,"21765","N","",9052013,3620,12,1,0,40,801,0,NA,NA,0,NA,NA,"Y",9,"Y","SPR: FRANCES SLOCUM","PENNSYLVANIA","STATE PARK RANGERS","FRANCES SLOCUM STATE PARK","565 MOUNT OLIVET RD","WYOMING, PA",18644,42,"Luzerne","79",NA,NA,6,2,22,""
"PA04117",1,37,"7",2,2013,"42099","N","",11202013,3620,12,1,1115,41,968,0,NA,NA,0,NA,NA,"Y",9,"N","MUNCY TOWNSHIP","PENNSYLVANIA","CHIEF OF POLICE","MUNCY TOWNSHIP POLICE DEPT","1922 POND RD","PENNSDALE, PA",17756,42,"Lycoming","81","Muncy borough","52264",0,NA,NA,""
"PA04211",1,37,"8D",2,2013,"80042","N","",8192013,3650,12,1,0,42,NA,0,NA,NA,0,NA,NA,"Y",9,"Y","COUNTY DET: MCKEAN CNTY","PENNSYLVANIA","DIRECTOR","COUNTY DETECTIVE: MCKEAN CNTY","500 W MAIN ST","SMETHPORT, PA",16749,42,"McKean","83",NA,NA,6,5,41,""
"PA04326",1,37,"7",2,2013,"38167","N","",8192013,3650,12,1,0,43,989,0,NA,NA,0,NA,NA,"Y",9,"Y","SPR: MAURICE K. GODDARD","PENNSYLVANIA","STATE PARK RANGERS","MAURICE K. GODDARD STATE PARK","684 LAKE WILHELM RD","SANDY LAKE, PA",16145,42,"Mercer","85",NA,NA,6,2,22,""
"PA04510",1,37,"9D",2,2013,"80556","N","",7262013,3620,12,1,0,45,236,0,NA,NA,0,NA,NA,"Y",9,"N","COUNTY DET: MONROE CNTY","PENNSYLVANIA","COUNTY DETECTIVE","MONROE COUNTY","610 MONROE ST STE 126","STOUDSBURG, PA",18360,42,"Monroe","89",NA,NA,6,4,41,""
"PA04512",1,37,"7",2,2013,"61725","N","",1132014,3620,12,1,0,45,236,0,NA,NA,0,NA,NA,"Y",9,"Y","SPR: TOBYHANNA","PENNSYLVANIA","STATE PARK RANGERS","TOBYHANNA STATE PARK","PO BOX 387","TOBYHANNA, PA",18466,42,"Monroe","89",NA,NA,6,2,22,""
"PA04639",1,37,"7",2,2013,"19677","N","",9052013,3620,12,1,0,46,656,0,NA,NA,0,NA,NA,"Y",9,"Y","SPR: EVANSBURG","PENNSYLVANIA","STATE PARK RANGERS","EVANSBURG STATE PARK","851 MAY HALL RD","COLLEGEVILLE, PA",19426,42,"Montgomery","91",NA,NA,6,2,22,""
"PA04656",1,37,"7",2,2013,"21591","N","",9052013,3620,12,1,0,46,656,0,NA,NA,0,NA,NA,"Y",9,"Y","SPR: FORT WASHINGTON","PENNSYLVANIA","STATE PARK RANGERS","FORT WASHINGTON STATE PARK","500 S BETHLEHEM PIKE","FORT WASHINGTON, PA",19034,42,"Montgomery","91",NA,NA,6,2,22,""
"PA05015",1,37,"7",2,2013,"34800","N","",10312013,3620,12,1,0,50,345,0,NA,NA,0,NA,NA,"Y",9,"N","SPR: LITTLE BUFFALO","PENNSYLVANIA","STATE PARK RANGERS","LITTLE BUFFALO STATE PARK","1579 STATE PARK RD","NEWPORT, PA",17074,42,"Perry","99",NA,NA,6,2,22,""
"PA05126",1,37,"7",2,2013,"4563","N","",9052013,3620,12,1,0,51,660,0,NA,NA,0,NA,NA,"Y",9,"Y","SPR: BEN RUSH","PENNSYLVANIA","STATE PARK RANGERS","BEN RUSH STATE PARK","500 S BETHLEHEM PIKE","FORT WASHINGTON, PA",17518,42,"Philadelphia","101",NA,NA,6,2,22,""
"PA05207",1,37,"7",2,2013,"50848","N","",12112013,3620,12,1,0,52,605,0,NA,NA,0,NA,NA,"Y",9,"N","SPR: PROMISED LAND","PENNSYLVANIA","STATE PARK RANGERS","PROMISED LAND STATE PARK","RR 1 BOX 96","GREENTOWN, PA",18426,42,"Pike","103",NA,NA,6,2,22,""
"PA05454",1,37,"7",2,2013,"62487","N","",11202013,3620,12,1,0,54,NA,0,NA,NA,0,NA,NA,"Y",9,"N","SPR: TUSCARORA","PENNSYLVANIA","STATE PARK RANGERS","TUSCARORA STATE PARK","687 TUSCARORA PARK RD","18214, PA",18214,42,"Schuylkill","107",NA,NA,6,2,22,""
"PA05614",1,37,"6",2,2013,"56410","N","",11202013,3650,12,1,2715,56,NA,0,NA,NA,0,NA,NA,"Y",9,"N","SHADE TOWNSHIP","PENNSYLVANIA","CHIEF OF POLICE","SHADE TOWNSHIP POLICE DEPT","1221 1 RD","CAIRNBROOK, PA",15924,42,"Somerset","111","Shade township","69448",0,NA,NA,""
"PA05627",1,37,"7",2,2013,"32041","N","",8192013,3650,12,1,0,56,NA,0,NA,NA,0,NA,NA,"Y",9,"Y","SPR: KOOSER","PENNSYLVANIA","STATE PARK RANGERS","KOOSER STATE PARK","943 GLADES PIKE","SOMERSET, PA",15501,42,"Somerset","111",NA,NA,6,2,22,""
"PA05628",1,37,"7",2,2013,"33399","N","",8192013,3650,12,1,0,56,NA,0,NA,NA,0,NA,NA,"Y",9,"Y","SPR: LAUREL RIDGE","PENNSYLVANIA","STATE PARK RANGERS","LAUREL RIDGE STATE PARK","1117 JIM MOUNTAIN RD","ROCKWOOD, PA",15557,42,"Cambria; Fayette; Somerset; Westmoreland","21; 51; 111; 129",NA,NA,6,2,22,""
"PA05629",1,37,"7",2,2013,"33387","N","",8192013,3650,12,1,0,56,NA,0,NA,NA,0,NA,NA,"Y",9,"Y","SPR: LAUREL HILL","PENNSYLVANIA","STATE PARK RANGERS","LAUREL HILL STATE PARK","1454 LAUREL HILL PARK RD","SOMERSET, PA",15501,42,"Somerset","111",NA,NA,6,2,22,""
"PA05704",1,37,"7",2,2013,"6NA9","N","",12112013,3620,12,1,0,57,NA,0,NA,NA,0,NA,NA,"Y",9,"N","SPR: WORLDS END","PENNSYLVANIA","STATE PARK RANGERS","WORLDS END STATE PARK","PO BOX 62","FORKSVILLE, PA",18616,42,"Sullivan","113",NA,NA,6,2,22,""
"PA05819",1,37,"7",2,2013,"24519","N","",1132014,3620,12,1,713,58,NA,0,NA,NA,0,NA,NA,"Y",9,"Y","GREAT BEND","PENNSYLVANIA","CHIEF OF POLICE","GREAT BEND POLICE DEPARTMENT","PO BOX 745","GREAT BEND, PA",18821,42,"Susquehanna","115","Great Bend borough","30728",0,NA,NA,""
"PA06115",1,37,"7",2,2013,"45825","N","",8192013,3650,12,1,0,61,NA,0,NA,NA,0,NA,NA,"Y",9,"Y","SPR: OIL CREEK","PENNSYLVANIA","STATE PARK RANGERS","OIL CREEK STATE PARK","1080 PETROLEUM CENTER RD","OIL CITY, PA",16301,42,"Venango","121",NA,NA,6,2,22,""
"PA06353",1,37,"7",2,2013,"30447","N","",10312013,3650,12,1,1168,63,667,0,NA,NA,0,NA,NA,"Y",9,"N","JEFFERSON TOWNSHIP","PENNSYLVANIA","CHIEF OF POLICE","JEFFERSON TWP (WASHINGTON C)","36 MCNEELY RD","BURGETTSTOWN, PA",15021,42,"Washington","125","Jefferson township","37936",0,NA,NA,""
"PA06359",1,37,"6",2,2013,"58618","N","",7252013,3650,12,1,9093,63,667,0,NA,NA,0,NA,NA,"Y",9,"N","SW REGNL (WASHINGTON CO)","PENNSYLVANIA","CHIEF OF POLICE","SOUTHWEST REG (WASHINGTON CO)","212 STATE ST","BELLE VERNON, PA",15012,42,"Washington","125","Union township; Coal Center borough","78432; 14568",0,NA,NA,""
"PA06542",1,37,"7",2,2013,"66423","N","",7252013,3650,12,1,1273,65,667,0,NA,NA,0,NA,NA,"Y",9,"N","WEST LEECHBURG","PENNSYLVANIA","CHIEF OF POLICE","WEST LEECHBURG POLICE DEPT","121 SUMMIT ST","WEST LEECHBURG, PA",15656,42,"Westmoreland","129","West Leechburg borough","83328",0,NA,NA,""
"PA06560",1,37,"7",2,2013,"31527","N","",1132014,3650,12,1,0,65,667,0,NA,NA,0,NA,NA,"Y",9,"Y","SPR: KEYSTONE","PENNSYLVANIA","STATE PARK RANGERS","KEYSTONE STATE PARK","1150 KEYSTONE PARK RD","DERRY, PA",15627,42,"Westmoreland","129",NA,NA,6,2,22,""
"PA06561",1,37,"7",2,2013,"34690","N","",1132014,3650,12,1,0,65,667,0,NA,NA,0,NA,NA,"Y",9,"Y","SPR: LINN RUN","PENNSYLVANIA","STATE PARK RANGERS","LINN RUN STATE PARK","PO BOX 50","RECTOR, PA",15677,42,"Westmoreland","129",NA,NA,6,2,22,""
"PA06707",1,37,"7",2,2013,"12358","N","",9052013,3620,12,1,0,67,984,0,NA,NA,0,NA,NA,"Y",9,"Y","SPR: CODORUS","PENNSYLVANIA","STATE PARK RANGERS","CODORUS STATE PARK","2600 SMITH STATION RD","HANOVER, PA",17331,42,"York","133",NA,NA,6,2,22,""
"PA06711",1,37,"7",2,2013,"25318","N","",1132014,3620,12,1,0,67,984,0,NA,NA,0,NA,NA,"Y",9,"N","SPR: GUIFFORD PINCHOT","PENNSYLVANIA","STATE PARK RANGERS","GUIFFORD PINCHOT STATE PARK","2200 ROSSTOWN RD","LEWISBERRY, PA",17339,42,"York","133",NA,NA,6,2,22,""
"PA06751",1,37,"6",2,2013,"44554","N","",10312013,3620,12,1,2799,67,984,0,NA,NA,0,NA,NA,"Y",9,"N","NORTH HOPEWELL TOWNSHIP","PENNSYLVANIA","CHIEF OF POLICE","NORTH HOPEWELL TWP POLICE DEPT","13081 HIGH POINT RD","FELTON, PA",13081,42,"York","133","North Hopewell township","55112",0,NA,NA,""
"SC02310",1,39,"7",5,2013,"99196","N","",8232013,3180,1,1,0,23,335,0,NA,NA,0,NA,NA,"Y",9,"N","FURMAN UNIVERSITY","SOUTH CAROLINA","CHIEF OF POLICE","FURMAN UNIVERSITY","3300 POINSETT HWY","GREENVILLE, SC",29613,45,"Greenville","45","Greenville city","30850",6,1,11,""
"SC02330",1,39,"7",5,2013,"24963","N","",8072013,3180,12,1,0,23,335,0,NA,NA,0,NA,NA,"Y",9,"N","GREENVILLE HOSPITAL","SOUTH CAROLINA","CHIEF OF POLICE","GREENVILLE HOSPITAL POLICE DPT","701 GROVE RD","GREENVILLE, SC",29605,45,"Greenville","45","Greenville city","30850",6,1,15,""
"SC02609",1,39,"7",5,2013,"13","N","",10242013,3180,12,1,0,26,564,0,NA,NA,0,NA,NA,"Y",9,"N","15TH CIRCUIT DRUG ENF UN","SOUTH CAROLINA","DIRECTOR","15TH CIRCUIT DRUG ENFRCMNT UNT","1301 2ND AVE","CONWAY, SC",29526,45,"Georgetown","43",NA,NA,6,5,54,""
"SC03814",1,39,"7",5,2013,"99206","N","",7222013,3180,11,1,0,38,NA,0,NA,NA,0,NA,NA,"Y",9,"N","ORANGEBURG-CALHOUN TEC C","SOUTH CAROLINA","CHIEF OF POLICE","ORANGEBURG-CALHOUN TECHNICAL C","3250 ST MATTHEWS RD NE","ORANGEBURG, SC",29115,45,"Orangeburg","75","Orangeburg city","53080",6,1,12,""
"SD03299",1,40,"8E",4,2013,"77499","N","",7222013,3480,12,1,0,NA,NA,0,NA,NA,0,NA,NA,"Y",9,"N","HIGHWAY PATROL","SOUTH DAKOTA","DIRECTOR","SD HIGHWAY PATROL","118 W CAPITOL AVE","PIERRE, SD",57501,46,NA,NA,NA,NA,5,NA,NA,"statewide agency"
"TN06503",1,41,"7",6,2013,"60321","N","",7222013,3370,12,1,551,65,413,0,NA,NA,0,NA,NA,"Y",9,"N","SUNBRIGHT","TENNESSEE","CHIEF OF POLICE","SUNBRIGHT POLICE DEPARTMENT","PO BOX 188","SUNBRIGHT, TN",37872,47,"Morgan","129","Sunbright city","72140",0,NA,NA,""
"TX00410",1,42,"7",7,2013,"22423","N","",9112013,3290,12,1,1417,4,193,0,NA,NA,0,NA,NA,"Y",9,"N","FULTON","TEXAS","CHIEF OF POLICE","FULTON POLICE DEPARTMENT","209 N 7TH ST","FULTON, TX",78358,48,"Aransas","7","Fulton town","27888",0,NA,NA,""
"TX08431",1,42,"7",7,2013,"22623","N","",7222013,3290,12,1,0,84,358,0,NA,NA,0,NA,NA,"Y",9,"N","ISD: GALVESTON","TEXAS","CHIEF OF POLICE","INDEPENDENT SCH DIST:GALVESTON","4115 AVE O STE 1035","GALVESTON, TX",77550,48,"Galveston","167","Galveston city","28068",6,1,14,""
"TX09122",1,42,"7",7,2013,"58381","N","",7222013,3190,12,1,994,91,811,0,NA,NA,0,NA,NA,"Y",9,"N","SOUTHMAYD","TEXAS","CHIEF OF POLICE","SOUTHMAYD POLICE DEPARTMENT","PO BOX 88","SOUTHMAYD, TX",76268,48,"Grayson","181","Southmayd city","69104",0,NA,NA,""
"UT02004",1,43,"7",8,2013,"21658","N","",7222013,3750,12,1,1078,20,NA,0,NA,NA,0,NA,NA,"Y",9,"N","FOUNTAIN GREEN","UTAH","CHIEF OF POLICE","FOUNTAIN GREEN POLICE DEPT","260 W 100 N","FOUNTAIN GREEN, UT",84632,49,"Sanpete","39","Fountain Green city","26720",0,NA,NA,""
"VT01110",1,44,"6",1,2013,"49383","N","",10302013,3010,10,1,2929,11,NA,0,NA,NA,0,NA,NA,"Y",9,"N","PITTSFORD","VERMONT","CHIEF OF POLICE","PITTSFORD POLICE DEPARTMENT","PO BOX 10","PITTSFORD, VT",5763,50,"Rutland","21","Pittsford town","55600",0,NA,NA,""
"WV00508",1,47,"7",5,2013,"3993","N","",9112013,3650,12,1,514,5,946,0,NA,NA,0,NA,NA,"Y",9,"N","BEECH BOTTOM","WEST VIRGINIA","CHIEF OF POLICE","BEECH BOTTOM POLICE DEPARTMENT","11 3RD ST","BEECH BOTTOM, WV",26030,54,"Brooke","9","Beech Bottom village","5452",0,NA,NA,""
"WV02517",1,47,"7",5,2013,"67239","N","",8072013,3650,12,1,660,25,NA,0,NA,NA,0,NA,NA,"Y",9,"N","WHITE HALL","WEST VIRGINIA","CHIEF OF POLICE","WHITE HALL POLICE DEPARTMENT","3 TIMROD DR","WHITE HALL, WV",26554,54,"Marion","49","White Hall town","86620",0,NA,NA,""
"WI00601",1,48,"7",3,2013,"921","N","",11202013,3470,12,1,759,6,NA,0,NA,NA,0,NA,NA,"Y",9,"N","ALMA","WISCONSIN","CHIEF OF POLICE","ALMA POLICE DEPARTMENT","314 N MAIN ST","ALMA, WI",54610,55,"Buffalo","11","Alma city","1225",0,NA,NA,""
"WI06103",1,48,"7",3,2013,"51981","N","",1242014,3470,12,1,898,60,NA,0,NA,NA,0,NA,NA,"Y",9,"N","RIB LAKE","WISCONSIN","CHIEF OF POLICE","RIB LAKE POLICE DEPARTMENT","655 PEARL ST","RIB LAKE, WI",54470,55,"Taylor","119","Rib Lake village","67275",0,NA,NA,""
"WI06104",1,48,"7",3,2013,"23328","N","",1242014,3470,12,1,408,60,NA,0,NA,NA,0,NA,NA,"Y",9,"N","GILMAN","WISCONSIN","CHIEF OF POLICE","GILMAN POLICE DEPARTMENT","PO BOX 69","GILMAN, WI",54433,55,"Taylor","119","Gilman village","29175",0,NA,NA,""
"CZ00005",1,52,"0",0,2013,NA,"N","",12051979,3800,0,0,0,NA,NA,0,NA,NA,0,NA,NA,"Y",9,"N","CANAL ZONE","C Z","PANAMA CANAL COMMISSION","CHIEF OF POLICE DIVISION","","APO MIAMI, CZ",34011,NA,NA,NA,NA,NA,NA,NA,NA,"territory"
"PRPPR00",1,53,"0",0,2013,"50943","N","",9091975,3800,0,0,0,NA,NA,0,NA,NA,0,NA,NA,"Y",9,"Y","PUERTO RICO","PR","CHIEF OF POLICE","PUERTO RICO POLICE DEPARTMENT","POST OFFICE BOX 70166","SAN JUAN, PR",936,NA,NA,NA,NA,NA,NA,NA,NA,"territory"
"GMTGM00",1,55,"0",0,2013,"25311","N","",11071978,3280,12,0,0,NA,NA,0,NA,NA,0,NA,NA,"N",9,"N","GUAM","GUAM","GUAM POLICE DEPARTMENT","PLANNING,RESEARCH& DEVELOPMENT","BLDG NO 233 CENTRAL AVE","BARRIGADA, GM",96913,NA,NA,NA,NA,NA,NA,NA,NA,"territory"
"VI00100",1,62,"0",0,2013,"59999","N","",8192010,3800,0,0,0,NA,NA,0,NA,NA,0,NA,NA,"Y",9,"N","ST. THOMAS","V I","CHIEF OF POLICE","VIRGIN ISLANDS PD ST. THOMAS","8172 SUBBASE STE 3","ST THOMAS, VI",802,NA,NA,NA,NA,NA,NA,NA,NA,"territory"
"VI00103",1,62,"0",0,2013,"59499","N","",8192010,3800,0,0,0,NA,NA,0,NA,NA,0,NA,NA,"Y",9,"N","ST. CROIX","V I","CHIEF OF POLICE","VIRGIN ISLANDS PD ST. CROIX","45 MARS HILL","FREDERISTED, VI",840,NA,NA,NA,NA,NA,NA,NA,NA,"territory"
